,PCA1_3D,PCA2_3D,PCA3_3D
0,-9.271574939118944,1.1367996032963077,9.50133421557214
0,-9.271574939118944,1.1367996032963077,9.50133421557214
0,-5.459905262838405,25.255491585768443,-9.718780307384687
0,28.816788765625272,-0.9455141331834194,-3.386783833077859
0,-11.346105902385725,-20.02371952911678,-4.1148668256960494
0,55.46799201045368,19.64859385769497,90.63635177440213
